https://stacks.stanford.edu/image/iiif/rf352tc5448%2F026_b_V_TC_46/4600,4497,210,57/pct:40/0/default.jpg
https://stacks.stanford.edu/image/iiif/rf352tc5448%2F026_a_R_TC_46/4280,6505,122,57/pct:40/0/default.jpg
https://stacks.stanford.edu/image/iiif/ns059km6096%2F246_SPN_TC_46/572,2567,242,112/pct:40/0/default.jpg
https://stacks.stanford.edu/image/iiif/nm203xw8381%2F002I_bob_TC_46/4225,8272,275,75/pct:40/0/default.jpg
https://stacks.stanford.edu/image/iiif/kz798mq9330%2F439_a_R_TC_46/1140,1247,260,120/pct:40/0/default.jpg
https://stacks.stanford.edu/image/iiif/rf713dy4795%2F484_c_V_FLD_O_TC_46/4530,3830,457,52/pct:40/0/default.jpg
https://stacks.stanford.edu/image/iiif/rf352tc5448%2F026_b_V_TC_46/1812,2845,785,72/pct:40/0/default.jpg
https://stacks.stanford.edu/image/iiif/rf352tc5448%2F026_b_R_TC_46/2980,2912,262,105/pct:40/0/default.jpg
https://stacks.stanford.edu/image/iiif/rf352tc5448%2F026_b_V_TC_46/2000,5787,192,80/pct:40/0/default.jpg
https://stacks.stanford.edu/image/iiif/rf352tc5448%2F026_b_V_TC_46/4972,3227,165,77/pct:40/0/default.jpg
https://stacks.stanford.edu/image/iiif/rf352tc5448%2F026_a_R_TC_46/2985,5670,212,60/pct:40/0/default.jpg
https://stacks.stanford.edu/image/iiif/rf713dy4795%2F484_c_V_FLD_O_TC_46/4847,5540,307,52/pct:40/0/default.jpg
https://stacks.stanford.edu/image/iiif/rf352tc5448%2F026_b_V_TC_46/1110,822,360,72/pct:40/0/default.jpg
https://stacks.stanford.edu/image/iiif/qt651bq6363%2F466_a_R_TC_46/647,1335,345,127/pct:40/0/default.jpg
https://stacks.stanford.edu/image/iiif/rf352tc5448%2F026_a_V_TC_46/4630,1842,197,72/pct:40/0/default.jpg
https://stacks.stanford.edu/image/iiif/rf352tc5448%2F026_a_V_TC_46/4447,3332,477,92/pct:40/0/default.jpg
https://stacks.stanford.edu/image/iiif/pm493kf4162%2F424_a_R_TC_46/2132,1095,452,155/pct:40/0/default.jpg
https://stacks.stanford.edu/image/iiif/rf352tc5448%2F026_b_V_TC_46/4345,1600,257,52/pct:40/0/default.jpg
https://stacks.stanford.edu/image/iiif/rf352tc5448%2F026_b_V_TC_46/4997,5692,157,70/pct:40/0/default.jpg
https://stacks.stanford.edu/image/iiif/fr670md2824%2F303_a_R_TC_46/3150,2417,437,105/pct:40/0/default.jpg
https://stacks.stanford.edu/image/iiif/rf352tc5448%2F026_a_V_TC_46/1120,4665,347,55/pct:40/0/default.jpg
https://stacks.stanford.edu/image/iiif/zp389vb9685%2F228_fob_TC_46/312,662,1290,30/pct:40/0/default.jpg
https://stacks.stanford.edu/image/iiif/ns059km6096%2F246_TFE_TC_46/5,150,232,37/pct:40/0/default.jpg
https://stacks.stanford.edu/image/iiif/rf352tc5448%2F026_a_V_TC_46/640,6767,130,65/pct:40/0/default.jpg
https://stacks.stanford.edu/image/iiif/rf352tc5448%2F026_a_R_TC_46/3122,642,290,77/pct:40/0/default.jpg
https://stacks.stanford.edu/image/iiif/rf352tc5448%2F026_b_V_TC_46/620,2277,910,67/pct:40/0/default.jpg
https://stacks.stanford.edu/image/iiif/rf713dy4795%2F484_c_V_FLD_O_TC_46/2402,7877,492,40/pct:40/0/default.jpg
https://stacks.stanford.edu/image/iiif/nm203xw8381%2F002I_bob_TC_46/1950,250,210,97/pct:40/0/default.jpg
https://stacks.stanford.edu/image/iiif/fh297fm9680%2F226_fib_TC_46/2875,2012,1605,252/pct:40/0/default.jpg
https://stacks.stanford.edu/image/iiif/rf352tc5448%2F026_b_V_TC_46/1857,3557,195,67/pct:40/0/default.jpg
https://stacks.stanford.edu/image/iiif/rf352tc5448%2F026_b_V_TC_46/2230,3495,560,55/pct:40/0/default.jpg
https://stacks.stanford.edu/image/iiif/rf352tc5448%2F026_a_R_TC_46/2955,6092,145,70/pct:40/0/default.jpg
https://stacks.stanford.edu/image/iiif/rf352tc5448%2F026_b_V_TC_46/1662,4517,260,57/pct:40/0/default.jpg
https://stacks.stanford.edu/image/iiif/rf352tc5448%2F026_a_R_TC_46/2105,6100,307,70/pct:40/0/default.jpg
https://stacks.stanford.edu/image/iiif/vv924dt3892%2F405_a_R_TC_46/985,1455,362,112/pct:40/0/default.jpg
https://stacks.stanford.edu/image/iiif/rf352tc5448%2F026_b_V_TC_46/1205,1850,335,57/pct:40/0/default.jpg
https://stacks.stanford.edu/image/iiif/rf352tc5448%2F026_a_R_TC_46/4407,5822,277,92/pct:40/0/default.jpg
https://stacks.stanford.edu/image/iiif/rf352tc5448%2F026_a_V_TC_46/2992,3485,442,80/pct:40/0/default.jpg
https://stacks.stanford.edu/image/iiif/rf352tc5448%2F026_a_R_TC_46/3412,1757,295,85/pct:40/0/default.jpg
https://stacks.stanford.edu/image/iiif/zp389vb9685%2F228_SFE_TC_46/825,1142,90,30/pct:40/0/default.jpg
https://stacks.stanford.edu/image/iiif/rf352tc5448%2F026_b_R_TC_46/3265,1162,222,57/pct:40/0/default.jpg
https://stacks.stanford.edu/image/iiif/rf713dy4795%2F484_c_R_FLD_O_TC_46/4057,4845,100,45/pct:40/0/default.jpg
https://stacks.stanford.edu/image/iiif/rf352tc5448%2F026_b_V_TC_46/1457,3165,380,80/pct:40/0/default.jpg
https://stacks.stanford.edu/image/iiif/rf352tc5448%2F026_a_V_TC_46/2555,5880,175,75/pct:40/0/default.jpg
https://stacks.stanford.edu/image/iiif/rf352tc5448%2F026_a_R_TC_46/2700,6892,255,82/pct:40/0/default.jpg
https://stacks.stanford.edu/image/iiif/rf713dy4795%2F484_c_V_FLD_O_TC_46/3507,4162,647,40/pct:40/0/default.jpg
https://stacks.stanford.edu/image/iiif/rf352tc5448%2F026_a_V_TC_46/425,1160,592,70/pct:40/0/default.jpg
https://stacks.stanford.edu/image/iiif/rf352tc5448%2F026_a_V_TC_46/4835,7202,110,55/pct:40/0/default.jpg
https://stacks.stanford.edu/image/iiif/rf352tc5448%2F026_b_V_TC_46/1722,2270,1057,67/pct:40/0/default.jpg
https://stacks.stanford.edu/image/iiif/rf352tc5448%2F026_a_V_TC_46/1177,5712,465,77/pct:40/0/default.jpg
https://stacks.stanford.edu/image/iiif/pz542dy6146%2F421_a_R_TC_46/2275,1655,927,172/pct:40/0/default.jpg
https://stacks.stanford.edu/image/iiif/rf352tc5448%2F026_a_V_TC_46/462,1800,722,72/pct:40/0/default.jpg
https://stacks.stanford.edu/image/iiif/fh297fm9680%2F226_c_TC_46/2040,2007,402,155/pct:40/0/default.jpg
https://stacks.stanford.edu/image/iiif/rf352tc5448%2F026_b_V_TC_46/1422,3252,352,77/pct:40/0/default.jpg
https://stacks.stanford.edu/image/iiif/rf352tc5448%2F026_b_V_TC_46/957,3635,420,85/pct:40/0/default.jpg
https://stacks.stanford.edu/image/iiif/rf352tc5448%2F026_a_V_TC_46/427,917,880,85/pct:40/0/default.jpg
https://stacks.stanford.edu/image/iiif/rf352tc5448%2F026_a_V_TC_46/415,2055,267,72/pct:40/0/default.jpg
https://stacks.stanford.edu/image/iiif/rf352tc5448%2F026_a_R_TC_46/3462,6165,287,90/pct:40/0/default.jpg
https://stacks.stanford.edu/image/iiif/rf352tc5448%2F026_b_V_TC_46/1600,2602,232,67/pct:40/0/default.jpg
https://stacks.stanford.edu/image/iiif/rf713dy4795%2F484_c_R_FLD_O_TC_46/3897,7582,95,35/pct:40/0/default.jpg
https://stacks.stanford.edu/image/iiif/rf352tc5448%2F026_a_V_TC_46/1637,930,195,85/pct:40/0/default.jpg
https://stacks.stanford.edu/image/iiif/rf352tc5448%2F026_a_V_TC_46/2475,1030,230,65/pct:40/0/default.jpg
https://stacks.stanford.edu/image/iiif/rf352tc5448%2F026_a_R_TC_46/2460,6580,205,80/pct:40/0/default.jpg
https://stacks.stanford.edu/image/iiif/rf352tc5448%2F026_a_R_TC_46/3150,7045,545,70/pct:40/0/default.jpg
https://stacks.stanford.edu/image/iiif/tj601fd3737%2F149_fib_TC_46/2112,2280,2060,102/pct:40/0/default.jpg
https://stacks.stanford.edu/image/iiif/rf713dy4795%2F484_c_V_FLD_O_TC_46/4005,3137,595,52/pct:40/0/default.jpg
https://stacks.stanford.edu/image/iiif/zm232zn2115%2F160_a_R_TC_46/382,5622,770,195/pct:40/0/default.jpg
https://stacks.stanford.edu/image/iiif/rf352tc5448%2F026_a_V_TC_46/4077,3425,220,67/pct:40/0/default.jpg
https://stacks.stanford.edu/image/iiif/rf352tc5448%2F026_b_V_TC_46/640,5042,260,115/pct:40/0/default.jpg
https://stacks.stanford.edu/image/iiif/rf352tc5448%2F026_b_V_TC_46/1757,7255,357,67/pct:40/0/default.jpg
https://stacks.stanford.edu/image/iiif/rf352tc5448%2F026_a_V_TC_46/410,2477,267,75/pct:40/0/default.jpg
https://stacks.stanford.edu/image/iiif/rf352tc5448%2F026_a_R_TC_46/3470,5827,227,92/pct:40/0/default.jpg
https://stacks.stanford.edu/image/iiif/zp389vb9685%2F228_SFE_TC_46/350,1062,85,30/pct:40/0/default.jpg
https://stacks.stanford.edu/image/iiif/db985sg7205%2F376_fib_TC_46/2760,3665,235,57/pct:40/0/default.jpg
https://stacks.stanford.edu/image/iiif/jd954hs3071%2F289_a_R_TC_46/1667,1097,337,105/pct:40/0/default.jpg
https://stacks.stanford.edu/image/iiif/rf713dy4795%2F484_c_V_FLD_O_TC_46/5047,2127,135,57/pct:40/0/default.jpg
https://stacks.stanford.edu/image/iiif/rf713dy4795%2F484_c_R_FLD_O_TC_46/4125,5885,140,32/pct:40/0/default.jpg
https://stacks.stanford.edu/image/iiif/tj601fd3737%2F149_fib_TC_46/777,2645,187,92/pct:40/0/default.jpg
https://stacks.stanford.edu/image/iiif/zm232zn2115%2F160_b_R_TC_46/2157,3855,397,180/pct:40/0/default.jpg
https://stacks.stanford.edu/image/iiif/fh297fm9680%2F226_fib_TC_46/4090,5152,500,185/pct:40/0/default.jpg
https://stacks.stanford.edu/image/iiif/rf713dy4795%2F484_b_c_V_FLD_A_TC_46/1362,3090,220,52/pct:40/0/default.jpg
https://stacks.stanford.edu/image/iiif/rf352tc5448%2F026_b_R_TC_46/2957,737,400,105/pct:40/0/default.jpg
https://stacks.stanford.edu/image/iiif/rf352tc5448%2F026_b_V_TC_46/2085,817,172,72/pct:40/0/default.jpg
https://stacks.stanford.edu/image/iiif/rf352tc5448%2F026_a_R_TC_46/2205,6007,307,85/pct:40/0/default.jpg
https://stacks.stanford.edu/image/iiif/rf352tc5448%2F026_a_V_TC_46/2297,697,362,75/pct:40/0/default.jpg
https://stacks.stanford.edu/image/iiif/rf352tc5448%2F026_b_V_TC_46/1345,4350,600,75/pct:40/0/default.jpg
https://stacks.stanford.edu/image/iiif/rf352tc5448%2F026_b_V_TC_46/2970,432,2147,65/pct:40/0/default.jpg
https://stacks.stanford.edu/image/iiif/xq050qp5257%2F267_bib_TC_46/2575,6292,192,92/pct:40/0/default.jpg
https://stacks.stanford.edu/image/iiif/rf352tc5448%2F026_a_R_TC_46/4592,6082,157,70/pct:40/0/default.jpg
https://stacks.stanford.edu/image/iiif/rf352tc5448%2F026_a_V_TC_46/4680,477,147,72/pct:40/0/default.jpg
https://stacks.stanford.edu/image/iiif/rf713dy4795%2F484_c_R_FLD_O_TC_46/3917,4165,657,37/pct:40/0/default.jpg
https://stacks.stanford.edu/image/iiif/rf352tc5448%2F026_a_V_TC_46/3457,5175,460,55/pct:40/0/default.jpg
https://stacks.stanford.edu/image/iiif/rf352tc5448%2F026_a_V_TC_46/370,6180,255,75/pct:40/0/default.jpg
https://stacks.stanford.edu/image/iiif/rf352tc5448%2F026_b_V_TC_46/4820,5432,207,85/pct:40/0/default.jpg
https://stacks.stanford.edu/image/iiif/rf713dy4795%2F484_b_c_V_FLD_A_TC_46/2995,5500,212,60/pct:40/0/default.jpg
https://stacks.stanford.edu/image/iiif/kc237kj0918%2F290_a_R_TC_46/2120,697,1330,182/pct:40/0/default.jpg
https://stacks.stanford.edu/image/iiif/rf352tc5448%2F026_a_V_TC_46/3777,3902,127,62/pct:40/0/default.jpg
https://stacks.stanford.edu/image/iiif/rf352tc5448%2F026_b_R_TC_46/3030,4770,177,77/pct:40/0/default.jpg
https://stacks.stanford.edu/image/iiif/tj601fd3737%2F149_fib_TC_46/745,4587,662,87/pct:40/0/default.jpg
https://stacks.stanford.edu/image/iiif/zp389vb9685%2F228_SFE_TC_46/517,1090,165,30/pct:40/0/default.jpg
https://stacks.stanford.edu/image/iiif/rf713dy4795%2F484_c_R_FLD_O_TC_46/2540,4157,95,37/pct:40/0/default.jpg
https://stacks.stanford.edu/image/iiif/rf352tc5448%2F026_a_V_TC_46/1522,690,487,75/pct:40/0/default.jpg
https://stacks.stanford.edu/image/iiif/rf352tc5448%2F026_a_V_TC_46/1275,5310,235,57/pct:40/0/default.jpg
https://stacks.stanford.edu/image/iiif/rf352tc5448%2F026_a_V_TC_46/1577,772,217,82/pct:40/0/default.jpg
https://stacks.stanford.edu/image/iiif/rf352tc5448%2F026_a_V_TC_46/425,1007,980,65/pct:40/0/default.jpg
https://stacks.stanford.edu/image/iiif/vx000hq8392%2F275_b_R_TC_46/1927,1040,375,75/pct:40/0/default.jpg
https://stacks.stanford.edu/image/iiif/rf352tc5448%2F026_b_V_TC_46/1007,1625,195,52/pct:40/0/default.jpg
https://stacks.stanford.edu/image/iiif/rf352tc5448%2F026_b_V_TC_46/2567,3415,172,72/pct:40/0/default.jpg
https://stacks.stanford.edu/image/iiif/rf352tc5448%2F026_b_V_TC_46/2525,4917,275,75/pct:40/0/default.jpg
https://stacks.stanford.edu/image/iiif/rf352tc5448%2F026_a_V_TC_46/2602,1730,170,85/pct:40/0/default.jpg
https://stacks.stanford.edu/image/iiif/rf352tc5448%2F026_a_V_TC_46/1630,605,192,80/pct:40/0/default.jpg
https://stacks.stanford.edu/image/iiif/rf352tc5448%2F026_b_V_TC_46/1127,2175,415,92/pct:40/0/default.jpg
https://stacks.stanford.edu/image/iiif/rf352tc5448%2F026_a_V_TC_46/1167,6485,455,65/pct:40/0/default.jpg
https://stacks.stanford.edu/image/iiif/rf352tc5448%2F026_a_R_TC_46/2512,1762,320,85/pct:40/0/default.jpg
https://stacks.stanford.edu/image/iiif/rf713dy4795%2F484_c_R_FLD_O_TC_46/2377,4500,142,35/pct:40/0/default.jpg
https://stacks.stanford.edu/image/iiif/rz376mp0778%2F475_a_R_TC_46/2100,657,450,90/pct:40/0/default.jpg
https://stacks.stanford.edu/image/iiif/rf352tc5448%2F026_a_R_TC_46/2710,6430,217,80/pct:40/0/default.jpg
https://stacks.stanford.edu/image/iiif/rf352tc5448%2F026_b_V_TC_46/1067,3792,225,75/pct:40/0/default.jpg
https://stacks.stanford.edu/image/iiif/pm029jd8386%2F364_a_R_TC_46/1965,1352,360,102/pct:40/0/default.jpg
https://stacks.stanford.edu/image/iiif/rf352tc5448%2F026_a_V_TC_46/4652,5832,145,67/pct:40/0/default.jpg
https://stacks.stanford.edu/image/iiif/rf352tc5448%2F026_b_V_TC_46/637,4585,1347,90/pct:40/0/default.jpg
https://stacks.stanford.edu/image/iiif/rf352tc5448%2F026_a_V_TC_46/1742,6490,155,65/pct:40/0/default.jpg
https://stacks.stanford.edu/image/iiif/rf352tc5448%2F026_b_R_TC_46/3355,1665,315,95/pct:40/0/default.jpg
https://stacks.stanford.edu/image/iiif/rf352tc5448%2F026_a_V_TC_46/1195,6555,840,140/pct:40/0/default.jpg
https://stacks.stanford.edu/image/iiif/rf713dy4795%2F484_c_V_FLD_O_TC_46/4922,2482,252,47/pct:40/0/default.jpg
https://stacks.stanford.edu/image/iiif/rf352tc5448%2F026_a_R_TC_46/2560,2347,290,77/pct:40/0/default.jpg
https://stacks.stanford.edu/image/iiif/sb541hg4710%2F419_a_R_TC_46/2170,1680,825,137/pct:40/0/default.jpg
https://stacks.stanford.edu/image/iiif/fh297fm9680%2F226_a_TC_46/2815,1802,1017,177/pct:40/0/default.jpg
https://stacks.stanford.edu/image/iiif/rf713dy4795%2F484_c_R_FLD_O_TC_46/3897,7927,320,45/pct:40/0/default.jpg
https://stacks.stanford.edu/image/iiif/rf352tc5448%2F026_b_V_TC_46/1787,560,532,100/pct:40/0/default.jpg
https://stacks.stanford.edu/image/iiif/rf352tc5448%2F026_a_R_TC_46/2087,6750,217,65/pct:40/0/default.jpg
https://stacks.stanford.edu/image/iiif/rf713dy4795%2F484_b_c_V_FLD_A_TC_46/1592,2765,182,52/pct:40/0/default.jpg
https://stacks.stanford.edu/image/iiif/tj601fd3737%2F149_fib_TC_46/1582,3652,2565,95/pct:40/0/default.jpg
https://stacks.stanford.edu/image/iiif/ft757ht3699%2F162_c_R_TC_46/282,4285,705,97/pct:40/0/default.jpg
https://stacks.stanford.edu/image/iiif/rf352tc5448%2F026_a_V_TC_46/1312,6190,325,75/pct:40/0/default.jpg
https://stacks.stanford.edu/image/iiif/rf352tc5448%2F026_a_R_TC_46/2742,6265,172,72/pct:40/0/default.jpg
https://stacks.stanford.edu/image/iiif/rf352tc5448%2F026_a_V_TC_46/3117,5330,247,57/pct:40/0/default.jpg
https://stacks.stanford.edu/image/iiif/tj601fd3737%2F149_fib_TC_46/3420,4735,710,87/pct:40/0/default.jpg
https://stacks.stanford.edu/image/iiif/qt651bq6363%2F466_a_R_TC_46/1762,1362,330,127/pct:40/0/default.jpg
https://stacks.stanford.edu/image/iiif/rf352tc5448%2F026_b_V_TC_46/995,1680,220,85/pct:40/0/default.jpg
https://stacks.stanford.edu/image/iiif/wq149yj5620%2F438_a_R_TC_46/927,490,992,372/pct:40/0/default.jpg
https://stacks.stanford.edu/image/iiif/rf352tc5448%2F026_b_V_TC_46/1905,2672,667,80/pct:40/0/default.jpg
https://stacks.stanford.edu/image/iiif/rf352tc5448%2F026_a_V_TC_46/4690,3432,295,67/pct:40/0/default.jpg
https://stacks.stanford.edu/image/iiif/rf352tc5448%2F026_b_V_TC_46/4872,7440,195,67/pct:40/0/default.jpg
https://stacks.stanford.edu/image/iiif/rf352tc5448%2F026_a_V_TC_46/4770,5577,192,80/pct:40/0/default.jpg
https://stacks.stanford.edu/image/iiif/rf713dy4795%2F484_c_R_FLD_O_TC_46/2390,7920,325,45/pct:40/0/default.jpg
https://stacks.stanford.edu/image/iiif/rf352tc5448%2F026_b_V_TC_46/1712,4922,775,75/pct:40/0/default.jpg
https://stacks.stanford.edu/image/iiif/jv228wq5037%2F385_a_R_TC_46/2525,1802,657,147/pct:40/0/default.jpg
https://stacks.stanford.edu/image/iiif/gs070yh9296%2F339_a_R_TC_46/1385,1092,1007,157/pct:40/0/default.jpg
https://stacks.stanford.edu/image/iiif/xk876dn8316%2F485_bib_TC_46/2167,3827,1030,457/pct:40/0/default.jpg
https://stacks.stanford.edu/image/iiif/rf713dy4795%2F484_c_R_FLD_O_TC_46/2427,3462,97,40/pct:40/0/default.jpg
https://stacks.stanford.edu/image/iiif/nt685jr6866%2F393_a_R_TC_46/3280,2610,1915,187/pct:40/0/default.jpg
https://stacks.stanford.edu/image/iiif/rf352tc5448%2F026_b_V_TC_46/2350,892,310,87/pct:40/0/default.jpg
https://stacks.stanford.edu/image/iiif/rf713dy4795%2F484_c_V_FLD_O_TC_46/4485,4502,265,62/pct:40/0/default.jpg
https://stacks.stanford.edu/image/iiif/rf352tc5448%2F026_a_R_TC_46/3825,6737,155,65/pct:40/0/default.jpg
https://stacks.stanford.edu/image/iiif/rf352tc5448%2F026_b_V_TC_46/1040,2997,245,85/pct:40/0/default.jpg
https://stacks.stanford.edu/image/iiif/rf352tc5448%2F026_a_V_TC_46/1805,4497,252,92/pct:40/0/default.jpg
https://stacks.stanford.edu/image/iiif/bj009wm8755%2F111_410a_FLD_O_TC_46/802,1307,790,120/pct:40/0/default.jpg
https://stacks.stanford.edu/image/iiif/rf352tc5448%2F026_b_R_TC_46/95,5480,517,952/pct:40/0/default.jpg,,,,,,,,,,0,,,blue
https://stacks.stanford.edu/image/iiif/rb378fk5493%2F016I_fib_TC_46/full/pct:40/0/default.jpg,,,,,,,,,,,,,
https://stacks.stanford.edu/image/iiif/rb378fk5493%2F016I_fib_TC_46/full/pct:40/0/default.jpg,,,,,,,,,,,,,
https://stacks.stanford.edu/image/iiif/rb378fk5493%2F016I_fib_TC_46/full/pct:40/0/default.jpg,,,,,,,,,,,,,
https://stacks.stanford.edu/image/iiif/rb378fk5493%2F016I_fib_TC_46/full/pct:40/0/default.jpg,,,,,,,,,,,,,
https://stacks.stanford.edu/image/iiif/rb378fk5493%2F016I_fib_TC_46/full/pct:40/0/default.jpg,,,,,,,,,,,,,
https://stacks.stanford.edu/image/iiif/rb378fk5493%2F016I_fib_TC_46/full/pct:40/0/default.jpg,,,,,,,,,,,,,
https://stacks.stanford.edu/image/iiif/rb378fk5493%2F016I_fib_TC_46/full/pct:40/0/default.jpg,,,,,,,,,,,,,
https://stacks.stanford.edu/image/iiif/rb378fk5493%2F016I_fib_TC_46/full/pct:40/0/default.jpg,,,,,,,,,,,,,
https://stacks.stanford.edu/image/iiif/rb378fk5493%2F016I_fib_TC_46/full/pct:40/0/default.jpg,,,,,,,,,,,,,
https://stacks.stanford.edu/image/iiif/qt808nj0703%2F016II_fib_TC_46/full/pct:40/0/default.jpg,,,,,,,,,,,,,
https://stacks.stanford.edu/image/iiif/qt808nj0703%2F016II_fib_TC_46/full/pct:40/0/default.jpg,,,,,,,,,,,,,
https://stacks.stanford.edu/image/iiif/qt808nj0703%2F016II_fib_TC_46/full/pct:40/0/default.jpg,,,,,,,,,,,,,
https://stacks.stanford.edu/image/iiif/qt808nj0703%2F016II_fib_TC_46/full/pct:40/0/default.jpg,,,,,,,,,,,,,
https://stacks.stanford.edu/image/iiif/qt808nj0703%2F016II_fib_TC_46/full/pct:40/0/default.jpg,,,,,,,,,,,,,
https://stacks.stanford.edu/image/iiif/qt808nj0703%2F016II_fib_TC_46/full/pct:40/0/default.jpg,,,,,,,,,,,,,
https://stacks.stanford.edu/image/iiif/qt808nj0703%2F016II_fib_TC_46/full/pct:40/0/default.jpg,,,,,,,,,,,,,
https://stacks.stanford.edu/image/iiif/qt808nj0703%2F016II_fib_TC_46/full/pct:40/0/default.jpg,,,,,,,,,,,,,
https://stacks.stanford.edu/image/iiif/qt808nj0703%2F016II_fib_TC_46/full/pct:40/0/default.jpg,,,,,,,,,,,,,
https://stacks.stanford.edu/image/iiif/rf352tc5448%2F026_a_V_TC_46/full/pct:40/0/default.jpg,,,,,,,,,,,,,
https://stacks.stanford.edu/image/iiif/rf352tc5448%2F026_a_V_TC_46/full/pct:40/0/default.jpg,,,,,,,,,,,,,
https://stacks.stanford.edu/image/iiif/rf352tc5448%2F026_b_R_TC_46/full/pct:40/0/default.jpg,,,,,,,,,,,,,
https://stacks.stanford.edu/image/iiif/rf352tc5448%2F026_b_R_TC_46/full/pct:40/0/default.jpg,,,,,,,,,,,,,
https://stacks.stanford.edu/image/iiif/rf352tc5448%2F026_b_R_TC_46/full/pct:40/0/default.jpg,,,,,,,,,,,,,
https://stacks.stanford.edu/image/iiif/rf352tc5448%2F026_b_R_TC_46/full/pct:40/0/default.jpg,,,,,,,,,,,,,
https://stacks.stanford.edu/image/iiif/rf352tc5448%2F026_b_R_TC_46/full/pct:40/0/default.jpg,,,,,,,,,,,,,
https://stacks.stanford.edu/image/iiif/rf352tc5448%2F026_b_R_TC_46/full/pct:40/0/default.jpg,,,,,,,,,,,,,
https://stacks.stanford.edu/image/iiif/rf352tc5448%2F026_b_R_TC_46/full/pct:40/0/default.jpg,,,,,,,,,,,,,
https://stacks.stanford.edu/image/iiif/rf352tc5448%2F026_b_R_TC_46/full/pct:40/0/default.jpg,,,,,,,,,,,,,
https://stacks.stanford.edu/image/iiif/rf352tc5448%2F026_b_R_TC_46/full/pct:40/0/default.jpg,,,,,,,,,,,,,
https://stacks.stanford.edu/image/iiif/rf352tc5448%2F026_b_R_TC_46/full/pct:40/0/default.jpg,,,,,,,,,,,,,
https://stacks.stanford.edu/image/iiif/rf352tc5448%2F026_b_R_TC_46/full/pct:40/0/default.jpg,,,,,,,,,,,,,
https://stacks.stanford.edu/image/iiif/rf352tc5448%2F026_b_R_TC_46/full/pct:40/0/default.jpg,,,,,,,,,,,,,
https://stacks.stanford.edu/image/iiif/rf352tc5448%2F026_b_R_TC_46/full/pct:40/0/default.jpg,,,,,,,,,,,,,
https://stacks.stanford.edu/image/iiif/rf352tc5448%2F026_b_R_TC_46/full/pct:40/0/default.jpg,,,,,,,,,,,,,
https://stacks.stanford.edu/image/iiif/rf352tc5448%2F026_b_R_TC_46/full/pct:40/0/default.jpg,,,,,,,,,,,,,
https://stacks.stanford.edu/image/iiif/rf352tc5448%2F026_b_R_TC_46/full/pct:40/0/default.jpg,,,,,,,,,,,,,
https://stacks.stanford.edu/image/iiif/rf352tc5448%2F026_b_R_TC_46/full/pct:40/0/default.jpg,,,,,,,,,,,,,
https://stacks.stanford.edu/image/iiif/rf352tc5448%2F026_b_R_TC_46/full/pct:40/0/default.jpg,,,,,,,,,,,,,
https://stacks.stanford.edu/image/iiif/rf352tc5448%2F026_b_R_TC_46/full/pct:40/0/default.jpg,,,,,,,,,,,,,
https://stacks.stanford.edu/image/iiif/rf352tc5448%2F026_b_R_TC_46/full/pct:40/0/default.jpg,,,,,,,,,,,,,
https://stacks.stanford.edu/image/iiif/rf352tc5448%2F026_b_R_TC_46/full/pct:40/0/default.jpg,,,,,,,,,,,,,
https://stacks.stanford.edu/image/iiif/rf352tc5448%2F026_b_R_TC_46/full/pct:40/0/default.jpg,,,,,,,,,,,,,
https://stacks.stanford.edu/image/iiif/rf352tc5448%2F026_b_R_TC_46/full/pct:40/0/default.jpg,,,,,,,,,,,,,
https://stacks.stanford.edu/image/iiif/rf352tc5448%2F026_b_R_TC_46/full/pct:40/0/default.jpg,,,,,,,,,,,,,
https://stacks.stanford.edu/image/iiif/rf352tc5448%2F026_b_R_TC_46/full/pct:40/0/default.jpg,,,,,,,,,,,,,
https://stacks.stanford.edu/image/iiif/rf352tc5448%2F026_b_R_TC_46/full/pct:40/0/default.jpg,,,,,,,,,,,,,
https://stacks.stanford.edu/image/iiif/rf352tc5448%2F026_b_R_TC_46/full/pct:40/0/default.jpg,,,,,,,,,,,,,
https://stacks.stanford.edu/image/iiif/rf352tc5448%2F026_b_R_TC_46/full/pct:40/0/default.jpg,,,,,,,,,,,,,
https://stacks.stanford.edu/image/iiif/rf352tc5448%2F026_b_R_TC_46/full/pct:40/0/default.jpg,,,,,,,,,,,,,
https://stacks.stanford.edu/image/iiif/rf352tc5448%2F026_b_R_TC_46/full/pct:40/0/default.jpg,,,,,,,,,,,,,
https://stacks.stanford.edu/image/iiif/rf352tc5448%2F026_b_R_TC_46/full/pct:40/0/default.jpg,,,,,,,,,,,,,
https://stacks.stanford.edu/image/iiif/rf352tc5448%2F026_b_R_TC_46/full/pct:40/0/default.jpg,,,,,,,,,,,,,
https://stacks.stanford.edu/image/iiif/rf352tc5448%2F026_b_R_TC_46/full/pct:40/0/default.jpg,,,,,,,,,,,,,
https://stacks.stanford.edu/image/iiif/rf352tc5448%2F026_b_R_TC_46/full/pct:40/0/default.jpg,,,,,,,,,,,,,
https://stacks.stanford.edu/image/iiif/rf352tc5448%2F026_b_R_TC_46/full/pct:40/0/default.jpg,,,,,,,,,,,,,
https://stacks.stanford.edu/image/iiif/rf352tc5448%2F026_b_R_TC_46/full/pct:40/0/default.jpg,,,,,,,,,,,,,
https://stacks.stanford.edu/image/iiif/rf352tc5448%2F026_b_R_TC_46/full/pct:40/0/default.jpg,,,,,,,,,,,,,
https://stacks.stanford.edu/image/iiif/rf352tc5448%2F026_b_R_TC_46/full/pct:40/0/default.jpg,,,,,,,,,,,,,
https://stacks.stanford.edu/image/iiif/rf352tc5448%2F026_b_R_TC_46/full/pct:40/0/default.jpg,,,,,,,,,,,,,
https://stacks.stanford.edu/image/iiif/rf352tc5448%2F026_b_R_TC_46/full/pct:40/0/default.jpg,,,,,,,,,,,,,
https://stacks.stanford.edu/image/iiif/rf352tc5448%2F026_b_R_TC_46/full/pct:40/0/default.jpg,,,,,,,,,,,,,
https://stacks.stanford.edu/image/iiif/rf352tc5448%2F026_b_R_TC_46/full/pct:40/0/default.jpg,,,,,,,,,,,,,
https://stacks.stanford.edu/image/iiif/rf352tc5448%2F026_b_R_TC_46/full/pct:40/0/default.jpg,,,,,,,,,,,,,
https://stacks.stanford.edu/image/iiif/rf352tc5448%2F026_b_R_TC_46/full/pct:40/0/default.jpg,,,,,,,,,,,,,
https://stacks.stanford.edu/image/iiif/rf352tc5448%2F026_b_R_TC_46/full/pct:40/0/default.jpg,,,,,,,,,,,,,
https://stacks.stanford.edu/image/iiif/rf352tc5448%2F026_b_R_TC_46/full/pct:40/0/default.jpg,,,,,,,,,,,,,
https://stacks.stanford.edu/image/iiif/rf352tc5448%2F026_b_R_TC_46/full/pct:40/0/default.jpg,,,,,,,,,,,,,
https://stacks.stanford.edu/image/iiif/rf352tc5448%2F026_b_R_TC_46/full/pct:40/0/default.jpg,,,,,,,,,,,,,
https://stacks.stanford.edu/image/iiif/rf352tc5448%2F026_b_R_TC_46/full/pct:40/0/default.jpg,,,,,,,,,,,,,
https://stacks.stanford.edu/image/iiif/rf352tc5448%2F026_b_R_TC_46/full/pct:40/0/default.jpg,,,,,,,,,,,,,
https://stacks.stanford.edu/image/iiif/rf352tc5448%2F026_b_R_TC_46/full/pct:40/0/default.jpg,,,,,,,,,,,,,
https://stacks.stanford.edu/image/iiif/rf352tc5448%2F026_b_R_TC_46/full/pct:40/0/default.jpg,,,,,,,,,,,,,
https://stacks.stanford.edu/image/iiif/rf352tc5448%2F026_b_R_TC_46/full/pct:40/0/default.jpg,,,,,,,,,,,,,
https://stacks.stanford.edu/image/iiif/rf352tc5448%2F026_b_V_TC_46/full/pct:40/0/default.jpg,,,,,,,,,,,,,
https://stacks.stanford.edu/image/iiif/ff315vp3525%2F089_fib_TC_46/full/pct:40/0/default.jpg,,,,,,,,,,,,,
https://stacks.stanford.edu/image/iiif/zm232zn2115%2F160_a_R_TC_46/full/pct:40/0/default.jpg,,,,,,,,,,,,,
https://stacks.stanford.edu/image/iiif/zm232zn2115%2F160_a_V_TC_46/full/pct:40/0/default.jpg,,,,,,,,,,,,,
https://stacks.stanford.edu/image/iiif/zm232zn2115%2F160_a_V_TC_46/full/pct:40/0/default.jpg,,,,,,,,,,,,,
https://stacks.stanford.edu/image/iiif/zm232zn2115%2F160_b_R_TC_46/full/pct:40/0/default.jpg,,,,,,,,,,,,,
https://stacks.stanford.edu/image/iiif/zm232zn2115%2F160_b_R_TC_46/full/pct:40/0/default.jpg,,,,,,,,,,,,,
https://stacks.stanford.edu/image/iiif/fh297fm9680%2F226_c_TC_46/full/pct:40/0/default.jpg,,,,,,,,,,,,,
https://stacks.stanford.edu/image/iiif/fh297fm9680%2F226_c_TC_46/full/pct:40/0/default.jpg,,,,,,,,,,,,,
https://stacks.stanford.edu/image/iiif/fh297fm9680%2F226_c_TC_46/full/pct:40/0/default.jpg,,,,,,,,,,,,,
https://stacks.stanford.edu/image/iiif/ck580gj8781%2F231_c_V_TC_46/full/pct:40/0/default.jpg,,,,,,,,,,,,,
https://stacks.stanford.edu/image/iiif/hv214nw9015%2F295_a_R_TC_46/full/pct:40/0/default.jpg,,,,,,,,,,,,,
https://stacks.stanford.edu/image/iiif/hv214nw9015%2F295_a_R_TC_46/full/pct:40/0/default.jpg,,,,,,,,,,,,,
https://stacks.stanford.edu/image/iiif/fr670md2824%2F303_a_R_TC_46/full/pct:40/0/default.jpg,,,,,,,,,,,,,
https://stacks.stanford.edu/image/iiif/jz764vk2561%2F315_a_R_TC_46/full/pct:40/0/default.jpg,,,,,,,,,,,,,
https://stacks.stanford.edu/image/iiif/zh479gp8621%2F316_bob_TC_46/full/pct:40/0/default.jpg,,,,,,,,,,,,,
https://stacks.stanford.edu/image/iiif/ks785nk0024%2F322_a_R_TC_46/full/pct:40/0/default.jpg,,,,,,,,,,,,,
https://stacks.stanford.edu/image/iiif/ks785nk0024%2F322_a_R_TC_46/full/pct:40/0/default.jpg,,,,,,,,,,,,,
https://stacks.stanford.edu/image/iiif/ks785nk0024%2F322_a_R_TC_46/full/pct:40/0/default.jpg,,,,,,,,,,,,,
https://stacks.stanford.edu/image/iiif/kb304wh5721%2F327_a_R_TC_46/full/pct:40/0/default.jpg,,,,,,,,,,,,,
https://stacks.stanford.edu/image/iiif/pm029jd8386%2F364_a_R_TC_46/full/pct:40/0/default.jpg,,,,,,,,,,,,,
https://stacks.stanford.edu/image/iiif/pz542dy6146%2F421_a_R_TC_46/full/pct:40/0/default.jpg,,,,,,,,,,,,,
https://stacks.stanford.edu/image/iiif/pz542dy6146%2F421_a_R_TC_46/full/pct:40/0/default.jpg,,,,,,,,,,,,,
https://stacks.stanford.edu/image/iiif/wq149yj5620%2F438_a_R_TC_46/full/pct:40/0/default.jpg,,,,,,,,,,,,,
https://stacks.stanford.edu/image/iiif/hw998hp3077%2F461_a_R_TC_46/full/pct:40/0/default.jpg,,,,,,,,,,,,,
https://stacks.stanford.edu/image/iiif/hw998hp3077%2F461_a_R_TC_46/full/pct:40/0/default.jpg,,,,,,,,,,,,,
https://stacks.stanford.edu/image/iiif/yp193mg4537%2F473_f1_R_TC_46/full/pct:40/0/default.jpg,,,,,,,,,,,,,
https://stacks.stanford.edu/image/iiif/rf352tc5448%2F026_a_V_TC_46/full/pct:40/0/default.jpg,,,,,,,,,,,,,
